{
  "MSI MAG Z790 TOMAHAWK WIFI (MS-7D91)": {
    "Nuvoton NCT6687D": {
      "CPU Fan": 0.0,
      "Pump Fan": 5357.0,
      "System Fan #1": 0.0,
      "System Fan #2": 0.0,
      "System Fan #3": 0.0,
      "System Fan #4": 0.0,
      "System Fan #5": 617.0,
      "System Fan #6": 0.0,
      "+12V": 12.024001121520996,
      "+5V": 5.070000171661377,
      "Vcore": 1.0099999904632568,
      "Voltage #1": 0.4300000071525574,
      "DIMM": 1.4480000734329224,
      "CPU I/O": 1.290000081062317,
      "CPU SA": 0.8980000615119934,
      "Voltage #2": 1.5320000648498535,
      "AVCC3": 3.3400001525878906,
      "VTT": 1.0520000457763672,
      "VRef": 1.7920000553131104,
      "VSB": 3.3440001010894775,
      "AVSB": 3.3400001525878906,
      "VBat": 3.076000213623047,
      "CPU": 52.5,
      "System": 44.5,
      "VRM MOS": 50.5,
      "PCH": 55.0,
      "CPU Socket": 43.5,
      "PCIe x1": 0.0,
      "M2_1": 0.0
    }
  },
  "Intel Core i9-14900KF": {
    "CPU Core #1 Thread #1": 12.67350959777832,
    "CPU Core #1 Thread #2": 0.0,
    "CPU Core #2 Thread #1": 3.944319486618042,
    "CPU Core #2 Thread #2": 0.0,
    "CPU Core #3 Thread #1": 0.1675426959991455,
    "CPU Core #3 Thread #2": 0.0,
    "CPU Core #4 Thread #1": 1.6419291496276855,
    "CPU Core #4 Thread #2": 0.0,
    "CPU Core #5 Thread #1": 23.255407333374023,
    "CPU Core #5 Thread #2": 0.0,
    "CPU Core #6 Thread #1": 29.977012634277344,
    "CPU Core #6 Thread #2": 0.0,
    "CPU Core #7 Thread #1": 14.854508399963379,
    "CPU Core #7 Thread #2": 0.0,
    "CPU Core #8 Thread #1": 13.797039031982422,
    "CPU Core #8 Thread #2": 0.0,
    "CPU Core #9": 0.8184814453125,
    "CPU Core #10": 0.8184814453125,
    "CPU Core #11": 0.8184814453125,
    "CPU Core #12": 0.8184814453125,
    "CPU Core #13": 0.8184814453125,
    "CPU Core #14": 0.8184814453125,
    "CPU Core #15": 0.8184814453125,
    "CPU Core #16": 0.8184814453125,
    "CPU Core #17": 0.8184814453125,
    "CPU Core #18": 0.8184814453125,
    "CPU Core #19": 0.8134765625,
    "CPU Core #20": 0.8184814453125,
    "CPU Core #21": 0.8193359375,
    "CPU Core #22": 0.8143310546875,
    "CPU Core #23": 0.8143310546875,
    "CPU Core #24": 0.8143310546875,
    "CPU Total": 1.1548995971679688,
    "CPU Core Max": 29.977012634277344,
    "CPU Core #1": 0.8211669921875,
    "CPU Core #2": 0.8211669921875,
    "CPU Core #3": 0.8211669921875,
    "CPU Core #4": 0.8211669921875,
    "CPU Core #5": 0.8211669921875,
    "CPU Core #6": 0.816162109375,
    "CPU Core #7": 0.816162109375,
    "CPU Core #8": 0.8134765625,
    "CPU Package": 28.549264907836914,
    "CPU Core #1 Distance to TjMax": 58.0,
    "CPU Core #2 Distance to TjMax": 58.0,
    "CPU Core #3 Distance to TjMax": 57.0,
    "CPU Core #4 Distance to TjMax": 58.0,
    "CPU Core #5 Distance to TjMax": 51.0,
    "CPU Core #6 Distance to TjMax": 48.0,
    "CPU Core #7 Distance to TjMax": 49.0,
    "CPU Core #8 Distance to TjMax": 55.0,
    "CPU Core #9 Distance to TjMax": 53.0,
    "CPU Core #10 Distance to TjMax": 53.0,
    "CPU Core #11 Distance to TjMax": 53.0,
    "CPU Core #12 Distance to TjMax": 53.0,
    "CPU Core #13 Distance to TjMax": 57.0,
    "CPU Core #14 Distance to TjMax": 57.0,
    "CPU Core #15 Distance to TjMax": 57.0,
    "CPU Core #16 Distance to TjMax": 57.0,
    "CPU Core #17 Distance to TjMax": 58.0,
    "CPU Core #18 Distance to TjMax": 58.0,
    "CPU Core #19 Distance to TjMax": 58.0,
    "CPU Core #20 Distance to TjMax": 58.0,
    "CPU Core #21 Distance to TjMax": 58.0,
    "CPU Core #22 Distance to TjMax": 58.0,
    "CPU Core #23 Distance to TjMax": 58.0,
    "CPU Core #24 Distance to TjMax": 58.0,
    "Core Max": 52.0,
    "Core Average": 44.25,
    "CPU Cores": 26.889074325561523,
    "CPU Memory": 0.0,
    "CPU Core": 0.8211669921875,
    "Bus Speed": 99.60003662109375
  },
  "Generic Memory": {
    "Memory Used": 11.70669174194336,
    "Memory Available": 52.14267349243164,
    "Memory": 18.334854125976562,
    "Virtual Memory Used": 18.48709487915039,
    "Virtual Memory Available": 54.36227035522461,
    "Virtual Memory": 25.377151489257812
  },
  "NVIDIA GeForce RTX 3060 Ti": {
    "GPU Core": 1.0,
    "GPU Memory": 47.774600982666016,
    "GPU Fan 1": 0.0,
    "GPU Fan 2": 0.0,
    "GPU Memory Controller": 10.0,
    "GPU Video Engine": 0.0,
    "GPU Bus": 0.0,
    "GPU Power": 9.79800033569336,
    "GPU Board Power": 9.86299991607666,
    "D3D Dedicated Memory Used": 3754.703125,
    "D3D Shared Memory Used": 198.37890625,
    "D3D 3D": 0.0883420780301094,
    "D3D Overlay": 0.0,
    "D3D Video Decode": 0.0,
    "D3D Copy": 0.01116950623691082,
    "D3D Security": 0.0,
    "D3D Video Encode": 0.0,
    "D3D Video Processing": 0.0,
    "D3D VR": 0.0,
    "GPU Hot Spot": 63.28125,
    "GPU Memory Total": 8192.0,
    "GPU Memory Free": 4278.0,
    "GPU Memory Used": 3913.0,
    "GPU Package": 19.881000518798828,
    "GPU PCIe Rx": 102400.0,
    "GPU PCIe Tx": 102400.0
  },
  "Ethernet": {
    "Data Uploaded": 0.0,
    "Data Downloaded": 0.0,
    "Upload Speed": 0.0,
    "Download Speed": 0.0,
    "Network Utilization": 0.0
  },
  "LAN-Verbindung* 10": {
    "Data Uploaded": 0.0,
    "Data Downloaded": 0.0,
    "Upload Speed": 0.0,
    "Download Speed": 0.0,
    "Network Utilization": 0.0
  },
  "LAN-Verbindung* 9": {
    "Data Uploaded": 0.0,
    "Data Downloaded": 0.0,
    "Upload Speed": 0.0,
    "Download Speed": 0.0,
    "Network Utilization": 0.0
  },
  "WLAN": {
    "Data Uploaded": 0.668983519077301,
    "Data Downloaded": 23.222766876220703,
    "Upload Speed": 110.19315338134766,
    "Download Speed": 1705.9532470703125,
    "Network Utilization": 0.001008270075544715
  }
}